_key,_from,_to,predicate,timestamp,annotation,isNewDeviceForAccount,ipThreatScore,confidence,riskScore,firstSeen,lastSeen
E001,accounts/A006,transactions/T001,initiated,2026-05-01T08:49:00Z,account A006 initiated transaction T001 at 2026-05-01T08:49:00Z; this establishes ownership/responsibility for the transaction event and links account baseline risk to observed payment behavior.,,,,,,
E002,transactions/T001,devices/D007,usedDevice,,"device D007 was used to execute transaction T001; the device was new for the account, which impacts account-takeover and anomalous-access scoring.",True,,,,,
E003,transactions/T001,ips/IP016,originatedFrom,,transaction T001 originated from IP 203.0.113.26; the edge contributes network provenance and carries IP threat context with score 0.3.,,0.3,,,,
E004,accounts/A013,transactions/T002,initiated,2026-05-01T09:31:00Z,account A013 initiated transaction T002 at 2026-05-01T09:31:00Z; this establishes ownership/responsibility for the transaction event and links account baseline risk to observed payment behavior.,,,,,,
E005,transactions/T002,devices/D005,usedDevice,,"device D005 was used to execute transaction T002; the device was previously associated with the account, which impacts account-takeover and anomalous-access scoring.",False,,,,,
E006,transactions/T002,ips/IP015,originatedFrom,,transaction T002 originated from IP 203.0.113.25; the edge contributes network provenance and carries IP threat context with score 0.4.,,0.4,,,,
E007,accounts/A002,transactions/T003,initiated,2026-05-01T10:01:00Z,account A002 initiated transaction T003 at 2026-05-01T10:01:00Z; this establishes ownership/responsibility for the transaction event and links account baseline risk to observed payment behavior.,,,,,,
E008,transactions/T003,devices/D010,usedDevice,,"device D010 was used to execute transaction T003; the device was previously associated with the account, which impacts account-takeover and anomalous-access scoring.",False,,,,,
E009,transactions/T003,ips/IP018,originatedFrom,,transaction T003 originated from IP 203.0.113.28; the edge contributes network provenance and carries IP threat context with score 0.05.,,0.05,,,,
E010,accounts/A028,transactions/T004,initiated,2026-05-01T10:30:00Z,account A028 initiated transaction T004 at 2026-05-01T10:30:00Z; this establishes ownership/responsibility for the transaction event and links account baseline risk to observed payment behavior.,,,,,,
E011,transactions/T004,devices/D009,usedDevice,,"device D009 was used to execute transaction T004; the device was new for the account, which impacts account-takeover and anomalous-access scoring.",True,,,,,
E012,transactions/T004,ips/IP003,originatedFrom,,transaction T004 originated from IP 203.0.113.13; the edge contributes network provenance and carries IP threat context with score 0.9.,,0.9,,,,
E013,transactions/T004,attack_patterns/synthetic-identity,matchesPattern,,"transaction T004 matches attack pattern synthetic-identity with confidence 0.79; this converts low-level transaction, device, and IP evidence into a higher-level fraud/cyber pattern assertion.",,,0.79,,,
E014,transactions/T004,fraud_signals/S001,triggeredSignal,,"transaction T004 triggered fraud signal S001 with risk score 0.99; this materializes the detection result as an explainable signal for review, escalation, or Gold-layer analytics.",,,,0.99,,
E015,accounts/A029,transactions/T005,initiated,2026-05-01T11:18:00Z,account A029 initiated transaction T005 at 2026-05-01T11:18:00Z; this establishes ownership/responsibility for the transaction event and links account baseline risk to observed payment behavior.,,,,,,
E016,transactions/T005,devices/D010,usedDevice,,"device D010 was used to execute transaction T005; the device was new for the account, which impacts account-takeover and anomalous-access scoring.",True,,,,,
E017,transactions/T005,ips/IP003,originatedFrom,,transaction T005 originated from IP 203.0.113.13; the edge contributes network provenance and carries IP threat context with score 0.9.,,0.9,,,,
E018,transactions/T005,attack_patterns/mule-ring,matchesPattern,,"transaction T005 matches attack pattern mule-ring with confidence 0.74; this converts low-level transaction, device, and IP evidence into a higher-level fraud/cyber pattern assertion.",,,0.74,,,
E019,transactions/T005,fraud_signals/S002,triggeredSignal,,"transaction T005 triggered fraud signal S002 with risk score 0.99; this materializes the detection result as an explainable signal for review, escalation, or Gold-layer analytics.",,,,0.99,,
E020,accounts/A023,transactions/T006,initiated,2026-05-01T11:46:00Z,account A023 initiated transaction T006 at 2026-05-01T11:46:00Z; this establishes ownership/responsibility for the transaction event and links account baseline risk to observed payment behavior.,,,,,,
E021,transactions/T006,devices/D006,usedDevice,,"device D006 was used to execute transaction T006; the device was previously associated with the account, which impacts account-takeover and anomalous-access scoring.",False,,,,,
E022,transactions/T006,ips/IP008,originatedFrom,,transaction T006 originated from IP 203.0.113.18; the edge contributes network provenance and carries IP threat context with score 0.35.,,0.35,,,,
E023,accounts/A010,transactions/T007,initiated,2026-05-01T12:21:00Z,account A010 initiated transaction T007 at 2026-05-01T12:21:00Z; this establishes ownership/responsibility for the transaction event and links account baseline risk to observed payment behavior.,,,,,,
E024,transactions/T007,devices/D001,usedDevice,,"device D001 was used to execute transaction T007; the device was new for the account, which impacts account-takeover and anomalous-access scoring.",True,,,,,
E025,transactions/T007,ips/IP019,originatedFrom,,transaction T007 originated from IP 203.0.113.29; the edge contributes network provenance and carries IP threat context with score 0.55.,,0.55,,,,
E026,transactions/T007,attack_patterns/synthetic-identity,matchesPattern,,"transaction T007 matches attack pattern synthetic-identity with confidence 0.94; this converts low-level transaction, device, and IP evidence into a higher-level fraud/cyber pattern assertion.",,,0.94,,,
E027,transactions/T007,fraud_signals/S003,triggeredSignal,,"transaction T007 triggered fraud signal S003 with risk score 0.99; this materializes the detection result as an explainable signal for review, escalation, or Gold-layer analytics.",,,,0.99,,
E028,accounts/A029,transactions/T008,initiated,2026-05-01T13:10:00Z,account A029 initiated transaction T008 at 2026-05-01T13:10:00Z; this establishes ownership/responsibility for the transaction event and links account baseline risk to observed payment behavior.,,,,,,
E029,transactions/T008,devices/D002,usedDevice,,"device D002 was used to execute transaction T008; the device was previously associated with the account, which impacts account-takeover and anomalous-access scoring.",False,,,,,
E030,transactions/T008,ips/IP012,originatedFrom,,transaction T008 originated from IP 203.0.113.22; the edge contributes network provenance and carries IP threat context with score 0.43.,,0.43,,,,
E031,accounts/A026,transactions/T009,initiated,2026-05-01T13:50:00Z,account A026 initiated transaction T009 at 2026-05-01T13:50:00Z; this establishes ownership/responsibility for the transaction event and links account baseline risk to observed payment behavior.,,,,,,
E032,transactions/T009,devices/D009,usedDevice,,"device D009 was used to execute transaction T009; the device was previously associated with the account, which impacts account-takeover and anomalous-access scoring.",False,,,,,
E033,transactions/T009,ips/IP003,originatedFrom,,transaction T009 originated from IP 203.0.113.13; the edge contributes network provenance and carries IP threat context with score 0.9.,,0.9,,,,
E034,accounts/A005,transactions/T010,initiated,2026-05-01T14:27:00Z,account A005 initiated transaction T010 at 2026-05-01T14:27:00Z; this establishes ownership/responsibility for the transaction event and links account baseline risk to observed payment behavior.,,,,,,
E035,transactions/T010,devices/D005,usedDevice,,"device D005 was used to execute transaction T010; the device was previously associated with the account, which impacts account-takeover and anomalous-access scoring.",False,,,,,
E036,transactions/T010,ips/IP004,originatedFrom,,transaction T010 originated from IP 203.0.113.14; the edge contributes network provenance and carries IP threat context with score 0.23.,,0.23,,,,
E037,accounts/A029,transactions/T011,initiated,2026-05-01T14:55:00Z,account A029 initiated transaction T011 at 2026-05-01T14:55:00Z; this establishes ownership/responsibility for the transaction event and links account baseline risk to observed payment behavior.,,,,,,
E038,transactions/T011,devices/D006,usedDevice,,"device D006 was used to execute transaction T011; the device was new for the account, which impacts account-takeover and anomalous-access scoring.",True,,,,,
E039,transactions/T011,ips/IP011,originatedFrom,,transaction T011 originated from IP 203.0.113.21; the edge contributes network provenance and carries IP threat context with score 0.69.,,0.69,,,,
E040,transactions/T011,attack_patterns/mule-ring,matchesPattern,,"transaction T011 matches attack pattern mule-ring with confidence 0.69; this converts low-level transaction, device, and IP evidence into a higher-level fraud/cyber pattern assertion.",,,0.69,,,
E041,transactions/T011,fraud_signals/S004,triggeredSignal,,"transaction T011 triggered fraud signal S004 with risk score 0.99; this materializes the detection result as an explainable signal for review, escalation, or Gold-layer analytics.",,,,0.99,,
E042,accounts/A011,transactions/T012,initiated,2026-05-01T15:38:00Z,account A011 initiated transaction T012 at 2026-05-01T15:38:00Z; this establishes ownership/responsibility for the transaction event and links account baseline risk to observed payment behavior.,,,,,,
E043,transactions/T012,devices/D003,usedDevice,,"device D003 was used to execute transaction T012; the device was previously associated with the account, which impacts account-takeover and anomalous-access scoring.",False,,,,,
E044,transactions/T012,ips/IP009,originatedFrom,,transaction T012 originated from IP 203.0.113.19; the edge contributes network provenance and carries IP threat context with score 0.47.,,0.47,,,,
E045,accounts/A004,transactions/T013,initiated,2026-05-01T16:12:00Z,account A004 initiated transaction T013 at 2026-05-01T16:12:00Z; this establishes ownership/responsibility for the transaction event and links account baseline risk to observed payment behavior.,,,,,,
E046,transactions/T013,devices/D002,usedDevice,,"device D002 was used to execute transaction T013; the device was previously associated with the account, which impacts account-takeover and anomalous-access scoring.",False,,,,,
E047,transactions/T013,ips/IP005,originatedFrom,,transaction T013 originated from IP 203.0.113.15; the edge contributes network provenance and carries IP threat context with score 0.29.,,0.29,,,,
E048,accounts/A002,transactions/T014,initiated,2026-05-01T16:39:00Z,account A002 initiated transaction T014 at 2026-05-01T16:39:00Z; this establishes ownership/responsibility for the transaction event and links account baseline risk to observed payment behavior.,,,,,,
E049,transactions/T014,devices/D005,usedDevice,,"device D005 was used to execute transaction T014; the device was previously associated with the account, which impacts account-takeover and anomalous-access scoring.",False,,,,,
E050,transactions/T014,ips/IP012,originatedFrom,,transaction T014 originated from IP 203.0.113.22; the edge contributes network provenance and carries IP threat context with score 0.43.,,0.43,,,,
E051,accounts/A012,transactions/T015,initiated,2026-05-01T17:19:00Z,account A012 initiated transaction T015 at 2026-05-01T17:19:00Z; this establishes ownership/responsibility for the transaction event and links account baseline risk to observed payment behavior.,,,,,,
E052,transactions/T015,devices/D009,usedDevice,,"device D009 was used to execute transaction T015; the device was previously associated with the account, which impacts account-takeover and anomalous-access scoring.",False,,,,,
E053,transactions/T015,ips/IP014,originatedFrom,,transaction T015 originated from IP 203.0.113.24; the edge contributes network provenance and carries IP threat context with score 0.48.,,0.48,,,,
E054,accounts/A026,transactions/T016,initiated,2026-05-01T18:02:00Z,account A026 initiated transaction T016 at 2026-05-01T18:02:00Z; this establishes ownership/responsibility for the transaction event and links account baseline risk to observed payment behavior.,,,,,,
E055,transactions/T016,devices/D003,usedDevice,,"device D003 was used to execute transaction T016; the device was previously associated with the account, which impacts account-takeover and anomalous-access scoring.",False,,,,,
E056,transactions/T016,ips/IP014,originatedFrom,,transaction T016 originated from IP 203.0.113.24; the edge contributes network provenance and carries IP threat context with score 0.48.,,0.48,,,,
E057,accounts/A026,transactions/T017,initiated,2026-05-01T18:44:00Z,account A026 initiated transaction T017 at 2026-05-01T18:44:00Z; this establishes ownership/responsibility for the transaction event and links account baseline risk to observed payment behavior.,,,,,,
E058,transactions/T017,devices/D002,usedDevice,,"device D002 was used to execute transaction T017; the device was previously associated with the account, which impacts account-takeover and anomalous-access scoring.",False,,,,,
E059,transactions/T017,ips/IP013,originatedFrom,,transaction T017 originated from IP 203.0.113.23; the edge contributes network provenance and carries IP threat context with score 0.37.,,0.37,,,,
E060,accounts/A027,transactions/T018,initiated,2026-05-01T19:12:00Z,account A027 initiated transaction T018 at 2026-05-01T19:12:00Z; this establishes ownership/responsibility for the transaction event and links account baseline risk to observed payment behavior.,,,,,,
E061,transactions/T018,devices/D004,usedDevice,,"device D004 was used to execute transaction T018; the device was previously associated with the account, which impacts account-takeover and anomalous-access scoring.",False,,,,,
E062,transactions/T018,ips/IP007,originatedFrom,,transaction T018 originated from IP 203.0.113.17; the edge contributes network provenance and carries IP threat context with score 0.73.,,0.73,,,,
E063,accounts/A025,transactions/T019,initiated,2026-05-01T19:55:00Z,account A025 initiated transaction T019 at 2026-05-01T19:55:00Z; this establishes ownership/responsibility for the transaction event and links account baseline risk to observed payment behavior.,,,,,,
E064,transactions/T019,devices/D005,usedDevice,,"device D005 was used to execute transaction T019; the device was new for the account, which impacts account-takeover and anomalous-access scoring.",True,,,,,
E065,transactions/T019,ips/IP012,originatedFrom,,transaction T019 originated from IP 203.0.113.22; the edge contributes network provenance and carries IP threat context with score 0.43.,,0.43,,,,
E066,accounts/A009,transactions/T020,initiated,2026-05-01T20:28:00Z,account A009 initiated transaction T020 at 2026-05-01T20:28:00Z; this establishes ownership/responsibility for the transaction event and links account baseline risk to observed payment behavior.,,,,,,
E067,transactions/T020,devices/D003,usedDevice,,"device D003 was used to execute transaction T020; the device was previously associated with the account, which impacts account-takeover and anomalous-access scoring.",False,,,,,
E068,transactions/T020,ips/IP019,originatedFrom,,transaction T020 originated from IP 203.0.113.29; the edge contributes network provenance and carries IP threat context with score 0.55.,,0.55,,,,
E069,accounts/A026,transactions/T021,initiated,2026-05-01T21:13:00Z,account A026 initiated transaction T021 at 2026-05-01T21:13:00Z; this establishes ownership/responsibility for the transaction event and links account baseline risk to observed payment behavior.,,,,,,
E070,transactions/T021,devices/D006,usedDevice,,"device D006 was used to execute transaction T021; the device was previously associated with the account, which impacts account-takeover and anomalous-access scoring.",False,,,,,
E071,transactions/T021,ips/IP014,originatedFrom,,transaction T021 originated from IP 203.0.113.24; the edge contributes network provenance and carries IP threat context with score 0.48.,,0.48,,,,
E072,accounts/A029,transactions/T022,initiated,2026-05-01T21:36:00Z,account A029 initiated transaction T022 at 2026-05-01T21:36:00Z; this establishes ownership/responsibility for the transaction event and links account baseline risk to observed payment behavior.,,,,,,
E073,transactions/T022,devices/D007,usedDevice,,"device D007 was used to execute transaction T022; the device was new for the account, which impacts account-takeover and anomalous-access scoring.",True,,,,,
E074,transactions/T022,ips/IP007,originatedFrom,,transaction T022 originated from IP 203.0.113.17; the edge contributes network provenance and carries IP threat context with score 0.73.,,0.73,,,,
E075,transactions/T022,attack_patterns/account-takeover,matchesPattern,,"transaction T022 matches attack pattern account-takeover with confidence 0.88; this converts low-level transaction, device, and IP evidence into a higher-level fraud/cyber pattern assertion.",,,0.88,,,
E076,transactions/T022,fraud_signals/S005,triggeredSignal,,"transaction T022 triggered fraud signal S005 with risk score 0.99; this materializes the detection result as an explainable signal for review, escalation, or Gold-layer analytics.",,,,0.99,,
E077,accounts/A018,transactions/T023,initiated,2026-05-01T22:20:00Z,account A018 initiated transaction T023 at 2026-05-01T22:20:00Z; this establishes ownership/responsibility for the transaction event and links account baseline risk to observed payment behavior.,,,,,,
E078,transactions/T023,devices/D009,usedDevice,,"device D009 was used to execute transaction T023; the device was new for the account, which impacts account-takeover and anomalous-access scoring.",True,,,,,
E079,transactions/T023,ips/IP017,originatedFrom,,transaction T023 originated from IP 203.0.113.27; the edge contributes network provenance and carries IP threat context with score 0.71.,,0.71,,,,
E080,transactions/T023,attack_patterns/card-testing,matchesPattern,,"transaction T023 matches attack pattern card-testing with confidence 0.87; this converts low-level transaction, device, and IP evidence into a higher-level fraud/cyber pattern assertion.",,,0.87,,,
E081,transactions/T023,fraud_signals/S006,triggeredSignal,,"transaction T023 triggered fraud signal S006 with risk score 0.98; this materializes the detection result as an explainable signal for review, escalation, or Gold-layer analytics.",,,,0.98,,
E082,accounts/A029,transactions/T024,initiated,2026-05-01T22:48:00Z,account A029 initiated transaction T024 at 2026-05-01T22:48:00Z; this establishes ownership/responsibility for the transaction event and links account baseline risk to observed payment behavior.,,,,,,
E083,transactions/T024,devices/D003,usedDevice,,"device D003 was used to execute transaction T024; the device was previously associated with the account, which impacts account-takeover and anomalous-access scoring.",False,,,,,
E084,transactions/T024,ips/IP010,originatedFrom,,transaction T024 originated from IP 203.0.113.20; the edge contributes network provenance and carries IP threat context with score 0.37.,,0.37,,,,
E085,accounts/A019,transactions/T025,initiated,2026-05-01T23:39:00Z,account A019 initiated transaction T025 at 2026-05-01T23:39:00Z; this establishes ownership/responsibility for the transaction event and links account baseline risk to observed payment behavior.,,,,,,
E086,transactions/T025,devices/D010,usedDevice,,"device D010 was used to execute transaction T025; the device was previously associated with the account, which impacts account-takeover and anomalous-access scoring.",False,,,,,
E087,transactions/T025,ips/IP011,originatedFrom,,transaction T025 originated from IP 203.0.113.21; the edge contributes network provenance and carries IP threat context with score 0.69.,,0.69,,,,
E088,accounts/A026,transactions/T026,initiated,2026-05-02T00:22:00Z,account A026 initiated transaction T026 at 2026-05-02T00:22:00Z; this establishes ownership/responsibility for the transaction event and links account baseline risk to observed payment behavior.,,,,,,
E089,transactions/T026,devices/D003,usedDevice,,"device D003 was used to execute transaction T026; the device was previously associated with the account, which impacts account-takeover and anomalous-access scoring.",False,,,,,
E090,transactions/T026,ips/IP003,originatedFrom,,transaction T026 originated from IP 203.0.113.13; the edge contributes network provenance and carries IP threat context with score 0.9.,,0.9,,,,
E091,accounts/A025,transactions/T027,initiated,2026-05-02T00:45:00Z,account A025 initiated transaction T027 at 2026-05-02T00:45:00Z; this establishes ownership/responsibility for the transaction event and links account baseline risk to observed payment behavior.,,,,,,
E092,transactions/T027,devices/D004,usedDevice,,"device D004 was used to execute transaction T027; the device was previously associated with the account, which impacts account-takeover and anomalous-access scoring.",False,,,,,
E093,transactions/T027,ips/IP011,originatedFrom,,transaction T027 originated from IP 203.0.113.21; the edge contributes network provenance and carries IP threat context with score 0.69.,,0.69,,,,
E094,accounts/A016,transactions/T028,initiated,2026-05-02T01:36:00Z,account A016 initiated transaction T028 at 2026-05-02T01:36:00Z; this establishes ownership/responsibility for the transaction event and links account baseline risk to observed payment behavior.,,,,,,
E095,transactions/T028,devices/D010,usedDevice,,"device D010 was used to execute transaction T028; the device was previously associated with the account, which impacts account-takeover and anomalous-access scoring.",False,,,,,
E096,transactions/T028,ips/IP003,originatedFrom,,transaction T028 originated from IP 203.0.113.13; the edge contributes network provenance and carries IP threat context with score 0.9.,,0.9,,,,
E097,accounts/A008,transactions/T029,initiated,2026-05-02T01:56:00Z,account A008 initiated transaction T029 at 2026-05-02T01:56:00Z; this establishes ownership/responsibility for the transaction event and links account baseline risk to observed payment behavior.,,,,,,
E098,transactions/T029,devices/D003,usedDevice,,"device D003 was used to execute transaction T029; the device was previously associated with the account, which impacts account-takeover and anomalous-access scoring.",False,,,,,
E099,transactions/T029,ips/IP001,originatedFrom,,transaction T029 originated from IP 203.0.113.11; the edge contributes network provenance and carries IP threat context with score 0.52.,,0.52,,,,
E100,accounts/A023,transactions/T030,initiated,2026-05-02T02:37:00Z,account A023 initiated transaction T030 at 2026-05-02T02:37:00Z; this establishes ownership/responsibility for the transaction event and links account baseline risk to observed payment behavior.,,,,,,
E101,transactions/T030,devices/D009,usedDevice,,"device D009 was used to execute transaction T030; the device was previously associated with the account, which impacts account-takeover and anomalous-access scoring.",False,,,,,
E102,transactions/T030,ips/IP015,originatedFrom,,transaction T030 originated from IP 203.0.113.25; the edge contributes network provenance and carries IP threat context with score 0.4.,,0.4,,,,
E103,accounts/A022,transactions/T031,initiated,2026-05-02T03:21:00Z,account A022 initiated transaction T031 at 2026-05-02T03:21:00Z; this establishes ownership/responsibility for the transaction event and links account baseline risk to observed payment behavior.,,,,,,
E104,transactions/T031,devices/D009,usedDevice,,"device D009 was used to execute transaction T031; the device was previously associated with the account, which impacts account-takeover and anomalous-access scoring.",False,,,,,
E105,transactions/T031,ips/IP018,originatedFrom,,transaction T031 originated from IP 203.0.113.28; the edge contributes network provenance and carries IP threat context with score 0.05.,,0.05,,,,
E106,accounts/A018,transactions/T032,initiated,2026-05-02T03:51:00Z,account A018 initiated transaction T032 at 2026-05-02T03:51:00Z; this establishes ownership/responsibility for the transaction event and links account baseline risk to observed payment behavior.,,,,,,
E107,transactions/T032,devices/D008,usedDevice,,"device D008 was used to execute transaction T032; the device was previously associated with the account, which impacts account-takeover and anomalous-access scoring.",False,,,,,
E108,transactions/T032,ips/IP016,originatedFrom,,transaction T032 originated from IP 203.0.113.26; the edge contributes network provenance and carries IP threat context with score 0.3.,,0.3,,,,
E109,accounts/A018,transactions/T033,initiated,2026-05-02T04:31:00Z,account A018 initiated transaction T033 at 2026-05-02T04:31:00Z; this establishes ownership/responsibility for the transaction event and links account baseline risk to observed payment behavior.,,,,,,
E110,transactions/T033,devices/D008,usedDevice,,"device D008 was used to execute transaction T033; the device was new for the account, which impacts account-takeover and anomalous-access scoring.",True,,,,,
E111,transactions/T033,ips/IP011,originatedFrom,,transaction T033 originated from IP 203.0.113.21; the edge contributes network provenance and carries IP threat context with score 0.69.,,0.69,,,,
E112,transactions/T033,attack_patterns/synthetic-identity,matchesPattern,,"transaction T033 matches attack pattern synthetic-identity with confidence 0.74; this converts low-level transaction, device, and IP evidence into a higher-level fraud/cyber pattern assertion.",,,0.74,,,
E113,transactions/T033,fraud_signals/S007,triggeredSignal,,"transaction T033 triggered fraud signal S007 with risk score 0.95; this materializes the detection result as an explainable signal for review, escalation, or Gold-layer analytics.",,,,0.95,,
E114,accounts/A023,transactions/T034,initiated,2026-05-02T05:11:00Z,account A023 initiated transaction T034 at 2026-05-02T05:11:00Z; this establishes ownership/responsibility for the transaction event and links account baseline risk to observed payment behavior.,,,,,,
E115,transactions/T034,devices/D003,usedDevice,,"device D003 was used to execute transaction T034; the device was previously associated with the account, which impacts account-takeover and anomalous-access scoring.",False,,,,,
E116,transactions/T034,ips/IP007,originatedFrom,,transaction T034 originated from IP 203.0.113.17; the edge contributes network provenance and carries IP threat context with score 0.73.,,0.73,,,,
E117,accounts/A007,transactions/T035,initiated,2026-05-02T05:53:00Z,account A007 initiated transaction T035 at 2026-05-02T05:53:00Z; this establishes ownership/responsibility for the transaction event and links account baseline risk to observed payment behavior.,,,,,,
E118,transactions/T035,devices/D007,usedDevice,,"device D007 was used to execute transaction T035; the device was previously associated with the account, which impacts account-takeover and anomalous-access scoring.",False,,,,,
E119,transactions/T035,ips/IP013,originatedFrom,,transaction T035 originated from IP 203.0.113.23; the edge contributes network provenance and carries IP threat context with score 0.37.,,0.37,,,,
E120,accounts/A012,transactions/T036,initiated,2026-05-02T06:25:00Z,account A012 initiated transaction T036 at 2026-05-02T06:25:00Z; this establishes ownership/responsibility for the transaction event and links account baseline risk to observed payment behavior.,,,,,,
E121,transactions/T036,devices/D005,usedDevice,,"device D005 was used to execute transaction T036; the device was previously associated with the account, which impacts account-takeover and anomalous-access scoring.",False,,,,,
E122,transactions/T036,ips/IP017,originatedFrom,,transaction T036 originated from IP 203.0.113.27; the edge contributes network provenance and carries IP threat context with score 0.71.,,0.71,,,,
E123,accounts/A009,transactions/T037,initiated,2026-05-02T06:59:00Z,account A009 initiated transaction T037 at 2026-05-02T06:59:00Z; this establishes ownership/responsibility for the transaction event and links account baseline risk to observed payment behavior.,,,,,,
E124,transactions/T037,devices/D007,usedDevice,,"device D007 was used to execute transaction T037; the device was previously associated with the account, which impacts account-takeover and anomalous-access scoring.",False,,,,,
E125,transactions/T037,ips/IP016,originatedFrom,,transaction T037 originated from IP 203.0.113.26; the edge contributes network provenance and carries IP threat context with score 0.3.,,0.3,,,,
E126,accounts/A030,transactions/T038,initiated,2026-05-02T07:38:00Z,account A030 initiated transaction T038 at 2026-05-02T07:38:00Z; this establishes ownership/responsibility for the transaction event and links account baseline risk to observed payment behavior.,,,,,,
E127,transactions/T038,devices/D003,usedDevice,,"device D003 was used to execute transaction T038; the device was new for the account, which impacts account-takeover and anomalous-access scoring.",True,,,,,
E128,transactions/T038,ips/IP020,originatedFrom,,transaction T038 originated from IP 203.0.113.30; the edge contributes network provenance and carries IP threat context with score 0.47.,,0.47,,,,
E129,accounts/A014,transactions/T039,initiated,2026-05-02T08:11:00Z,account A014 initiated transaction T039 at 2026-05-02T08:11:00Z; this establishes ownership/responsibility for the transaction event and links account baseline risk to observed payment behavior.,,,,,,
E130,transactions/T039,devices/D003,usedDevice,,"device D003 was used to execute transaction T039; the device was previously associated with the account, which impacts account-takeover and anomalous-access scoring.",False,,,,,
E131,transactions/T039,ips/IP015,originatedFrom,,transaction T039 originated from IP 203.0.113.25; the edge contributes network provenance and carries IP threat context with score 0.4.,,0.4,,,,
E132,accounts/A011,transactions/T040,initiated,2026-05-02T08:53:00Z,account A011 initiated transaction T040 at 2026-05-02T08:53:00Z; this establishes ownership/responsibility for the transaction event and links account baseline risk to observed payment behavior.,,,,,,
E133,transactions/T040,devices/D007,usedDevice,,"device D007 was used to execute transaction T040; the device was previously associated with the account, which impacts account-takeover and anomalous-access scoring.",False,,,,,
E134,transactions/T040,ips/IP009,originatedFrom,,transaction T040 originated from IP 203.0.113.19; the edge contributes network provenance and carries IP threat context with score 0.47.,,0.47,,,,
E135,accounts/A024,transactions/T041,initiated,2026-05-02T09:19:00Z,account A024 initiated transaction T041 at 2026-05-02T09:19:00Z; this establishes ownership/responsibility for the transaction event and links account baseline risk to observed payment behavior.,,,,,,
E136,transactions/T041,devices/D009,usedDevice,,"device D009 was used to execute transaction T041; the device was new for the account, which impacts account-takeover and anomalous-access scoring.",True,,,,,
E137,transactions/T041,ips/IP011,originatedFrom,,transaction T041 originated from IP 203.0.113.21; the edge contributes network provenance and carries IP threat context with score 0.69.,,0.69,,,,
E138,transactions/T041,attack_patterns/synthetic-identity,matchesPattern,,"transaction T041 matches attack pattern synthetic-identity with confidence 0.74; this converts low-level transaction, device, and IP evidence into a higher-level fraud/cyber pattern assertion.",,,0.74,,,
E139,transactions/T041,fraud_signals/S008,triggeredSignal,,"transaction T041 triggered fraud signal S008 with risk score 0.99; this materializes the detection result as an explainable signal for review, escalation, or Gold-layer analytics.",,,,0.99,,
E140,accounts/A001,transactions/T042,initiated,2026-05-02T10:09:00Z,account A001 initiated transaction T042 at 2026-05-02T10:09:00Z; this establishes ownership/responsibility for the transaction event and links account baseline risk to observed payment behavior.,,,,,,
E141,transactions/T042,devices/D010,usedDevice,,"device D010 was used to execute transaction T042; the device was previously associated with the account, which impacts account-takeover and anomalous-access scoring.",False,,,,,
E142,transactions/T042,ips/IP005,originatedFrom,,transaction T042 originated from IP 203.0.113.15; the edge contributes network provenance and carries IP threat context with score 0.29.,,0.29,,,,
E143,accounts/A009,transactions/T043,initiated,2026-05-02T10:34:00Z,account A009 initiated transaction T043 at 2026-05-02T10:34:00Z; this establishes ownership/responsibility for the transaction event and links account baseline risk to observed payment behavior.,,,,,,
E144,transactions/T043,devices/D006,usedDevice,,"device D006 was used to execute transaction T043; the device was previously associated with the account, which impacts account-takeover and anomalous-access scoring.",False,,,,,
E145,transactions/T043,ips/IP006,originatedFrom,,transaction T043 originated from IP 203.0.113.16; the edge contributes network provenance and carries IP threat context with score 0.19.,,0.19,,,,
E146,accounts/A018,transactions/T044,initiated,2026-05-02T11:14:00Z,account A018 initiated transaction T044 at 2026-05-02T11:14:00Z; this establishes ownership/responsibility for the transaction event and links account baseline risk to observed payment behavior.,,,,,,
E147,transactions/T044,devices/D010,usedDevice,,"device D010 was used to execute transaction T044; the device was new for the account, which impacts account-takeover and anomalous-access scoring.",True,,,,,
E148,transactions/T044,ips/IP013,originatedFrom,,transaction T044 originated from IP 203.0.113.23; the edge contributes network provenance and carries IP threat context with score 0.37.,,0.37,,,,
E149,accounts/A025,transactions/T045,initiated,2026-05-02T12:03:00Z,account A025 initiated transaction T045 at 2026-05-02T12:03:00Z; this establishes ownership/responsibility for the transaction event and links account baseline risk to observed payment behavior.,,,,,,
E150,transactions/T045,devices/D005,usedDevice,,"device D005 was used to execute transaction T045; the device was previously associated with the account, which impacts account-takeover and anomalous-access scoring.",False,,,,,
E151,transactions/T045,ips/IP003,originatedFrom,,transaction T045 originated from IP 203.0.113.13; the edge contributes network provenance and carries IP threat context with score 0.9.,,0.9,,,,
E152,accounts/A003,transactions/T046,initiated,2026-05-02T12:35:00Z,account A003 initiated transaction T046 at 2026-05-02T12:35:00Z; this establishes ownership/responsibility for the transaction event and links account baseline risk to observed payment behavior.,,,,,,
E153,transactions/T046,devices/D009,usedDevice,,"device D009 was used to execute transaction T046; the device was previously associated with the account, which impacts account-takeover and anomalous-access scoring.",False,,,,,
E154,transactions/T046,ips/IP011,originatedFrom,,transaction T046 originated from IP 203.0.113.21; the edge contributes network provenance and carries IP threat context with score 0.69.,,0.69,,,,
E155,accounts/A021,transactions/T047,initiated,2026-05-02T13:15:00Z,account A021 initiated transaction T047 at 2026-05-02T13:15:00Z; this establishes ownership/responsibility for the transaction event and links account baseline risk to observed payment behavior.,,,,,,
E156,transactions/T047,devices/D008,usedDevice,,"device D008 was used to execute transaction T047; the device was previously associated with the account, which impacts account-takeover and anomalous-access scoring.",False,,,,,
E157,transactions/T047,ips/IP005,originatedFrom,,transaction T047 originated from IP 203.0.113.15; the edge contributes network provenance and carries IP threat context with score 0.29.,,0.29,,,,
E158,accounts/A029,transactions/T048,initiated,2026-05-02T13:38:00Z,account A029 initiated transaction T048 at 2026-05-02T13:38:00Z; this establishes ownership/responsibility for the transaction event and links account baseline risk to observed payment behavior.,,,,,,
E159,transactions/T048,devices/D010,usedDevice,,"device D010 was used to execute transaction T048; the device was new for the account, which impacts account-takeover and anomalous-access scoring.",True,,,,,
E160,transactions/T048,ips/IP007,originatedFrom,,transaction T048 originated from IP 203.0.113.17; the edge contributes network provenance and carries IP threat context with score 0.73.,,0.73,,,,
E161,transactions/T048,attack_patterns/card-testing,matchesPattern,,"transaction T048 matches attack pattern card-testing with confidence 0.84; this converts low-level transaction, device, and IP evidence into a higher-level fraud/cyber pattern assertion.",,,0.84,,,
E162,transactions/T048,fraud_signals/S009,triggeredSignal,,"transaction T048 triggered fraud signal S009 with risk score 0.99; this materializes the detection result as an explainable signal for review, escalation, or Gold-layer analytics.",,,,0.99,,
E163,accounts/A022,transactions/T049,initiated,2026-05-02T14:23:00Z,account A022 initiated transaction T049 at 2026-05-02T14:23:00Z; this establishes ownership/responsibility for the transaction event and links account baseline risk to observed payment behavior.,,,,,,
E164,transactions/T049,devices/D007,usedDevice,,"device D007 was used to execute transaction T049; the device was previously associated with the account, which impacts account-takeover and anomalous-access scoring.",False,,,,,
E165,transactions/T049,ips/IP011,originatedFrom,,transaction T049 originated from IP 203.0.113.21; the edge contributes network provenance and carries IP threat context with score 0.69.,,0.69,,,,
E166,accounts/A009,transactions/T050,initiated,2026-05-02T14:58:00Z,account A009 initiated transaction T050 at 2026-05-02T14:58:00Z; this establishes ownership/responsibility for the transaction event and links account baseline risk to observed payment behavior.,,,,,,
E167,transactions/T050,devices/D006,usedDevice,,"device D006 was used to execute transaction T050; the device was new for the account, which impacts account-takeover and anomalous-access scoring.",True,,,,,
E168,transactions/T050,ips/IP009,originatedFrom,,transaction T050 originated from IP 203.0.113.19; the edge contributes network provenance and carries IP threat context with score 0.47.,,0.47,,,,
E169,accounts/A024,transactions/T051,initiated,2026-05-02T15:47:00Z,account A024 initiated transaction T051 at 2026-05-02T15:47:00Z; this establishes ownership/responsibility for the transaction event and links account baseline risk to observed payment behavior.,,,,,,
E170,transactions/T051,devices/D007,usedDevice,,"device D007 was used to execute transaction T051; the device was new for the account, which impacts account-takeover and anomalous-access scoring.",True,,,,,
E171,transactions/T051,ips/IP008,originatedFrom,,transaction T051 originated from IP 203.0.113.18; the edge contributes network provenance and carries IP threat context with score 0.35.,,0.35,,,,
E172,accounts/A008,transactions/T052,initiated,2026-05-02T16:22:00Z,account A008 initiated transaction T052 at 2026-05-02T16:22:00Z; this establishes ownership/responsibility for the transaction event and links account baseline risk to observed payment behavior.,,,,,,
E173,transactions/T052,devices/D007,usedDevice,,"device D007 was used to execute transaction T052; the device was previously associated with the account, which impacts account-takeover and anomalous-access scoring.",False,,,,,
E174,transactions/T052,ips/IP008,originatedFrom,,transaction T052 originated from IP 203.0.113.18; the edge contributes network provenance and carries IP threat context with score 0.35.,,0.35,,,,
E175,accounts/A024,transactions/T053,initiated,2026-05-02T16:49:00Z,account A024 initiated transaction T053 at 2026-05-02T16:49:00Z; this establishes ownership/responsibility for the transaction event and links account baseline risk to observed payment behavior.,,,,,,
E176,transactions/T053,devices/D009,usedDevice,,"device D009 was used to execute transaction T053; the device was new for the account, which impacts account-takeover and anomalous-access scoring.",True,,,,,
E177,transactions/T053,ips/IP017,originatedFrom,,transaction T053 originated from IP 203.0.113.27; the edge contributes network provenance and carries IP threat context with score 0.71.,,0.71,,,,
E178,transactions/T053,attack_patterns/mule-ring,matchesPattern,,"transaction T053 matches attack pattern mule-ring with confidence 0.71; this converts low-level transaction, device, and IP evidence into a higher-level fraud/cyber pattern assertion.",,,0.71,,,
E179,transactions/T053,fraud_signals/S010,triggeredSignal,,"transaction T053 triggered fraud signal S010 with risk score 0.99; this materializes the detection result as an explainable signal for review, escalation, or Gold-layer analytics.",,,,0.99,,
E180,accounts/A018,transactions/T054,initiated,2026-05-02T17:33:00Z,account A018 initiated transaction T054 at 2026-05-02T17:33:00Z; this establishes ownership/responsibility for the transaction event and links account baseline risk to observed payment behavior.,,,,,,
E181,transactions/T054,devices/D003,usedDevice,,"device D003 was used to execute transaction T054; the device was new for the account, which impacts account-takeover and anomalous-access scoring.",True,,,,,
E182,transactions/T054,ips/IP007,originatedFrom,,transaction T054 originated from IP 203.0.113.17; the edge contributes network provenance and carries IP threat context with score 0.73.,,0.73,,,,
E183,transactions/T054,attack_patterns/credential-stuffing,matchesPattern,,"transaction T054 matches attack pattern credential-stuffing with confidence 0.85; this converts low-level transaction, device, and IP evidence into a higher-level fraud/cyber pattern assertion.",,,0.85,,,
E184,transactions/T054,fraud_signals/S011,triggeredSignal,,"transaction T054 triggered fraud signal S011 with risk score 0.96; this materializes the detection result as an explainable signal for review, escalation, or Gold-layer analytics.",,,,0.96,,
E185,accounts/A010,transactions/T055,initiated,2026-05-02T17:55:00Z,account A010 initiated transaction T055 at 2026-05-02T17:55:00Z; this establishes ownership/responsibility for the transaction event and links account baseline risk to observed payment behavior.,,,,,,
E186,transactions/T055,devices/D004,usedDevice,,"device D004 was used to execute transaction T055; the device was new for the account, which impacts account-takeover and anomalous-access scoring.",True,,,,,
E187,transactions/T055,ips/IP011,originatedFrom,,transaction T055 originated from IP 203.0.113.21; the edge contributes network provenance and carries IP threat context with score 0.69.,,0.69,,,,
E188,transactions/T055,attack_patterns/account-takeover,matchesPattern,,"transaction T055 matches attack pattern account-takeover with confidence 0.83; this converts low-level transaction, device, and IP evidence into a higher-level fraud/cyber pattern assertion.",,,0.83,,,
E189,transactions/T055,fraud_signals/S012,triggeredSignal,,"transaction T055 triggered fraud signal S012 with risk score 0.98; this materializes the detection result as an explainable signal for review, escalation, or Gold-layer analytics.",,,,0.98,,
E190,accounts/A023,transactions/T056,initiated,2026-05-02T18:32:00Z,account A023 initiated transaction T056 at 2026-05-02T18:32:00Z; this establishes ownership/responsibility for the transaction event and links account baseline risk to observed payment behavior.,,,,,,
E191,transactions/T056,devices/D003,usedDevice,,"device D003 was used to execute transaction T056; the device was previously associated with the account, which impacts account-takeover and anomalous-access scoring.",False,,,,,
E192,transactions/T056,ips/IP016,originatedFrom,,transaction T056 originated from IP 203.0.113.26; the edge contributes network provenance and carries IP threat context with score 0.3.,,0.3,,,,
E193,accounts/A011,transactions/T057,initiated,2026-05-02T19:24:00Z,account A011 initiated transaction T057 at 2026-05-02T19:24:00Z; this establishes ownership/responsibility for the transaction event and links account baseline risk to observed payment behavior.,,,,,,
E194,transactions/T057,devices/D003,usedDevice,,"device D003 was used to execute transaction T057; the device was previously associated with the account, which impacts account-takeover and anomalous-access scoring.",False,,,,,
E195,transactions/T057,ips/IP002,originatedFrom,,transaction T057 originated from IP 203.0.113.12; the edge contributes network provenance and carries IP threat context with score 0.34.,,0.34,,,,
E196,accounts/A003,transactions/T058,initiated,2026-05-02T20:04:00Z,account A003 initiated transaction T058 at 2026-05-02T20:04:00Z; this establishes ownership/responsibility for the transaction event and links account baseline risk to observed payment behavior.,,,,,,
E197,transactions/T058,devices/D010,usedDevice,,"device D010 was used to execute transaction T058; the device was new for the account, which impacts account-takeover and anomalous-access scoring.",True,,,,,
E198,transactions/T058,ips/IP002,originatedFrom,,transaction T058 originated from IP 203.0.113.12; the edge contributes network provenance and carries IP threat context with score 0.34.,,0.34,,,,
E199,accounts/A025,transactions/T059,initiated,2026-05-02T20:42:00Z,account A025 initiated transaction T059 at 2026-05-02T20:42:00Z; this establishes ownership/responsibility for the transaction event and links account baseline risk to observed payment behavior.,,,,,,
E200,transactions/T059,devices/D007,usedDevice,,"device D007 was used to execute transaction T059; the device was previously associated with the account, which impacts account-takeover and anomalous-access scoring.",False,,,,,
E201,transactions/T059,ips/IP020,originatedFrom,,transaction T059 originated from IP 203.0.113.30; the edge contributes network provenance and carries IP threat context with score 0.47.,,0.47,,,,
E202,accounts/A015,transactions/T060,initiated,2026-05-02T21:09:00Z,account A015 initiated transaction T060 at 2026-05-02T21:09:00Z; this establishes ownership/responsibility for the transaction event and links account baseline risk to observed payment behavior.,,,,,,
E203,transactions/T060,devices/D005,usedDevice,,"device D005 was used to execute transaction T060; the device was previously associated with the account, which impacts account-takeover and anomalous-access scoring.",False,,,,,
E204,transactions/T060,ips/IP019,originatedFrom,,transaction T060 originated from IP 203.0.113.29; the edge contributes network provenance and carries IP threat context with score 0.55.,,0.55,,,,
E205,accounts/A024,transactions/T061,initiated,2026-05-02T21:45:00Z,account A024 initiated transaction T061 at 2026-05-02T21:45:00Z; this establishes ownership/responsibility for the transaction event and links account baseline risk to observed payment behavior.,,,,,,
E206,transactions/T061,devices/D002,usedDevice,,"device D002 was used to execute transaction T061; the device was new for the account, which impacts account-takeover and anomalous-access scoring.",True,,,,,
E207,transactions/T061,ips/IP007,originatedFrom,,transaction T061 originated from IP 203.0.113.17; the edge contributes network provenance and carries IP threat context with score 0.73.,,0.73,,,,
E208,transactions/T061,attack_patterns/credential-stuffing,matchesPattern,,"transaction T061 matches attack pattern credential-stuffing with confidence 0.7; this converts low-level transaction, device, and IP evidence into a higher-level fraud/cyber pattern assertion.",,,0.7,,,
E209,transactions/T061,fraud_signals/S013,triggeredSignal,,"transaction T061 triggered fraud signal S013 with risk score 0.99; this materializes the detection result as an explainable signal for review, escalation, or Gold-layer analytics.",,,,0.99,,
E210,accounts/A001,transactions/T062,initiated,2026-05-02T22:29:00Z,account A001 initiated transaction T062 at 2026-05-02T22:29:00Z; this establishes ownership/responsibility for the transaction event and links account baseline risk to observed payment behavior.,,,,,,
E211,transactions/T062,devices/D007,usedDevice,,"device D007 was used to execute transaction T062; the device was previously associated with the account, which impacts account-takeover and anomalous-access scoring.",False,,,,,
E212,transactions/T062,ips/IP015,originatedFrom,,transaction T062 originated from IP 203.0.113.25; the edge contributes network provenance and carries IP threat context with score 0.4.,,0.4,,,,
E213,accounts/A010,transactions/T063,initiated,2026-05-02T22:59:00Z,account A010 initiated transaction T063 at 2026-05-02T22:59:00Z; this establishes ownership/responsibility for the transaction event and links account baseline risk to observed payment behavior.,,,,,,
E214,transactions/T063,devices/D008,usedDevice,,"device D008 was used to execute transaction T063; the device was new for the account, which impacts account-takeover and anomalous-access scoring.",True,,,,,
E215,transactions/T063,ips/IP003,originatedFrom,,transaction T063 originated from IP 203.0.113.13; the edge contributes network provenance and carries IP threat context with score 0.9.,,0.9,,,,
E216,transactions/T063,attack_patterns/synthetic-identity,matchesPattern,,"transaction T063 matches attack pattern synthetic-identity with confidence 0.8; this converts low-level transaction, device, and IP evidence into a higher-level fraud/cyber pattern assertion.",,,0.8,,,
E217,transactions/T063,fraud_signals/S014,triggeredSignal,,"transaction T063 triggered fraud signal S014 with risk score 0.99; this materializes the detection result as an explainable signal for review, escalation, or Gold-layer analytics.",,,,0.99,,
E218,accounts/A018,transactions/T064,initiated,2026-05-02T23:30:00Z,account A018 initiated transaction T064 at 2026-05-02T23:30:00Z; this establishes ownership/responsibility for the transaction event and links account baseline risk to observed payment behavior.,,,,,,
E219,transactions/T064,devices/D004,usedDevice,,"device D004 was used to execute transaction T064; the device was previously associated with the account, which impacts account-takeover and anomalous-access scoring.",False,,,,,
E220,transactions/T064,ips/IP009,originatedFrom,,transaction T064 originated from IP 203.0.113.19; the edge contributes network provenance and carries IP threat context with score 0.47.,,0.47,,,,
E221,accounts/A027,transactions/T065,initiated,2026-05-03T00:19:00Z,account A027 initiated transaction T065 at 2026-05-03T00:19:00Z; this establishes ownership/responsibility for the transaction event and links account baseline risk to observed payment behavior.,,,,,,
E222,transactions/T065,devices/D010,usedDevice,,"device D010 was used to execute transaction T065; the device was previously associated with the account, which impacts account-takeover and anomalous-access scoring.",False,,,,,
E223,transactions/T065,ips/IP010,originatedFrom,,transaction T065 originated from IP 203.0.113.20; the edge contributes network provenance and carries IP threat context with score 0.37.,,0.37,,,,
E224,accounts/A028,transactions/T066,initiated,2026-05-03T00:55:00Z,account A028 initiated transaction T066 at 2026-05-03T00:55:00Z; this establishes ownership/responsibility for the transaction event and links account baseline risk to observed payment behavior.,,,,,,
E225,transactions/T066,devices/D009,usedDevice,,"device D009 was used to execute transaction T066; the device was new for the account, which impacts account-takeover and anomalous-access scoring.",True,,,,,
E226,transactions/T066,ips/IP003,originatedFrom,,transaction T066 originated from IP 203.0.113.13; the edge contributes network provenance and carries IP threat context with score 0.9.,,0.9,,,,
E227,transactions/T066,attack_patterns/account-takeover,matchesPattern,,"transaction T066 matches attack pattern account-takeover with confidence 0.74; this converts low-level transaction, device, and IP evidence into a higher-level fraud/cyber pattern assertion.",,,0.74,,,
E228,transactions/T066,fraud_signals/S015,triggeredSignal,,"transaction T066 triggered fraud signal S015 with risk score 0.99; this materializes the detection result as an explainable signal for review, escalation, or Gold-layer analytics.",,,,0.99,,
E229,accounts/A022,transactions/T067,initiated,2026-05-03T01:27:00Z,account A022 initiated transaction T067 at 2026-05-03T01:27:00Z; this establishes ownership/responsibility for the transaction event and links account baseline risk to observed payment behavior.,,,,,,
E230,transactions/T067,devices/D010,usedDevice,,"device D010 was used to execute transaction T067; the device was previously associated with the account, which impacts account-takeover and anomalous-access scoring.",False,,,,,
E231,transactions/T067,ips/IP019,originatedFrom,,transaction T067 originated from IP 203.0.113.29; the edge contributes network provenance and carries IP threat context with score 0.55.,,0.55,,,,
E232,accounts/A021,transactions/T068,initiated,2026-05-03T02:14:00Z,account A021 initiated transaction T068 at 2026-05-03T02:14:00Z; this establishes ownership/responsibility for the transaction event and links account baseline risk to observed payment behavior.,,,,,,
E233,transactions/T068,devices/D008,usedDevice,,"device D008 was used to execute transaction T068; the device was previously associated with the account, which impacts account-takeover and anomalous-access scoring.",False,,,,,
E234,transactions/T068,ips/IP009,originatedFrom,,transaction T068 originated from IP 203.0.113.19; the edge contributes network provenance and carries IP threat context with score 0.47.,,0.47,,,,
E235,accounts/A016,transactions/T069,initiated,2026-05-03T02:36:00Z,account A016 initiated transaction T069 at 2026-05-03T02:36:00Z; this establishes ownership/responsibility for the transaction event and links account baseline risk to observed payment behavior.,,,,,,
E236,transactions/T069,devices/D006,usedDevice,,"device D006 was used to execute transaction T069; the device was previously associated with the account, which impacts account-takeover and anomalous-access scoring.",False,,,,,
E237,transactions/T069,ips/IP014,originatedFrom,,transaction T069 originated from IP 203.0.113.24; the edge contributes network provenance and carries IP threat context with score 0.48.,,0.48,,,,
E238,accounts/A010,transactions/T070,initiated,2026-05-03T03:12:00Z,account A010 initiated transaction T070 at 2026-05-03T03:12:00Z; this establishes ownership/responsibility for the transaction event and links account baseline risk to observed payment behavior.,,,,,,
E239,transactions/T070,devices/D007,usedDevice,,"device D007 was used to execute transaction T070; the device was new for the account, which impacts account-takeover and anomalous-access scoring.",True,,,,,
E240,transactions/T070,ips/IP018,originatedFrom,,transaction T070 originated from IP 203.0.113.28; the edge contributes network provenance and carries IP threat context with score 0.05.,,0.05,,,,
E241,accounts/A025,transactions/T071,initiated,2026-05-03T03:47:00Z,account A025 initiated transaction T071 at 2026-05-03T03:47:00Z; this establishes ownership/responsibility for the transaction event and links account baseline risk to observed payment behavior.,,,,,,
E242,transactions/T071,devices/D007,usedDevice,,"device D007 was used to execute transaction T071; the device was new for the account, which impacts account-takeover and anomalous-access scoring.",True,,,,,
E243,transactions/T071,ips/IP017,originatedFrom,,transaction T071 originated from IP 203.0.113.27; the edge contributes network provenance and carries IP threat context with score 0.71.,,0.71,,,,
E244,accounts/A028,transactions/T072,initiated,2026-05-03T04:25:00Z,account A028 initiated transaction T072 at 2026-05-03T04:25:00Z; this establishes ownership/responsibility for the transaction event and links account baseline risk to observed payment behavior.,,,,,,
E245,transactions/T072,devices/D006,usedDevice,,"device D006 was used to execute transaction T072; the device was new for the account, which impacts account-takeover and anomalous-access scoring.",True,,,,,
E246,transactions/T072,ips/IP017,originatedFrom,,transaction T072 originated from IP 203.0.113.27; the edge contributes network provenance and carries IP threat context with score 0.71.,,0.71,,,,
E247,transactions/T072,attack_patterns/mule-ring,matchesPattern,,"transaction T072 matches attack pattern mule-ring with confidence 0.8; this converts low-level transaction, device, and IP evidence into a higher-level fraud/cyber pattern assertion.",,,0.8,,,
E248,transactions/T072,fraud_signals/S016,triggeredSignal,,"transaction T072 triggered fraud signal S016 with risk score 0.99; this materializes the detection result as an explainable signal for review, escalation, or Gold-layer analytics.",,,,0.99,,
E249,accounts/A023,transactions/T073,initiated,2026-05-03T05:21:00Z,account A023 initiated transaction T073 at 2026-05-03T05:21:00Z; this establishes ownership/responsibility for the transaction event and links account baseline risk to observed payment behavior.,,,,,,
E250,transactions/T073,devices/D008,usedDevice,,"device D008 was used to execute transaction T073; the device was previously associated with the account, which impacts account-takeover and anomalous-access scoring.",False,,,,,
E251,transactions/T073,ips/IP004,originatedFrom,,transaction T073 originated from IP 203.0.113.14; the edge contributes network provenance and carries IP threat context with score 0.23.,,0.23,,,,
E252,accounts/A010,transactions/T074,initiated,2026-05-03T05:41:00Z,account A010 initiated transaction T074 at 2026-05-03T05:41:00Z; this establishes ownership/responsibility for the transaction event and links account baseline risk to observed payment behavior.,,,,,,
E253,transactions/T074,devices/D009,usedDevice,,"device D009 was used to execute transaction T074; the device was new for the account, which impacts account-takeover and anomalous-access scoring.",True,,,,,
E254,transactions/T074,ips/IP017,originatedFrom,,transaction T074 originated from IP 203.0.113.27; the edge contributes network provenance and carries IP threat context with score 0.71.,,0.71,,,,
E255,transactions/T074,attack_patterns/synthetic-identity,matchesPattern,,"transaction T074 matches attack pattern synthetic-identity with confidence 0.82; this converts low-level transaction, device, and IP evidence into a higher-level fraud/cyber pattern assertion.",,,0.82,,,
E256,transactions/T074,fraud_signals/S017,triggeredSignal,,"transaction T074 triggered fraud signal S017 with risk score 0.97; this materializes the detection result as an explainable signal for review, escalation, or Gold-layer analytics.",,,,0.97,,
E257,accounts/A023,transactions/T075,initiated,2026-05-03T06:28:00Z,account A023 initiated transaction T075 at 2026-05-03T06:28:00Z; this establishes ownership/responsibility for the transaction event and links account baseline risk to observed payment behavior.,,,,,,
E258,transactions/T075,devices/D005,usedDevice,,"device D005 was used to execute transaction T075; the device was previously associated with the account, which impacts account-takeover and anomalous-access scoring.",False,,,,,
E259,transactions/T075,ips/IP017,originatedFrom,,transaction T075 originated from IP 203.0.113.27; the edge contributes network provenance and carries IP threat context with score 0.71.,,0.71,,,,
E260,accounts/A005,transactions/T076,initiated,2026-05-03T07:08:00Z,account A005 initiated transaction T076 at 2026-05-03T07:08:00Z; this establishes ownership/responsibility for the transaction event and links account baseline risk to observed payment behavior.,,,,,,
E261,transactions/T076,devices/D007,usedDevice,,"device D007 was used to execute transaction T076; the device was previously associated with the account, which impacts account-takeover and anomalous-access scoring.",False,,,,,
E262,transactions/T076,ips/IP007,originatedFrom,,transaction T076 originated from IP 203.0.113.17; the edge contributes network provenance and carries IP threat context with score 0.73.,,0.73,,,,
E263,accounts/A024,transactions/T077,initiated,2026-05-03T07:29:00Z,account A024 initiated transaction T077 at 2026-05-03T07:29:00Z; this establishes ownership/responsibility for the transaction event and links account baseline risk to observed payment behavior.,,,,,,
E264,transactions/T077,devices/D006,usedDevice,,"device D006 was used to execute transaction T077; the device was new for the account, which impacts account-takeover and anomalous-access scoring.",True,,,,,
E265,transactions/T077,ips/IP017,originatedFrom,,transaction T077 originated from IP 203.0.113.27; the edge contributes network provenance and carries IP threat context with score 0.71.,,0.71,,,,
E266,transactions/T077,attack_patterns/credential-stuffing,matchesPattern,,"transaction T077 matches attack pattern credential-stuffing with confidence 0.84; this converts low-level transaction, device, and IP evidence into a higher-level fraud/cyber pattern assertion.",,,0.84,,,
E267,transactions/T077,fraud_signals/S018,triggeredSignal,,"transaction T077 triggered fraud signal S018 with risk score 0.99; this materializes the detection result as an explainable signal for review, escalation, or Gold-layer analytics.",,,,0.99,,
E268,accounts/A022,transactions/T078,initiated,2026-05-03T08:21:00Z,account A022 initiated transaction T078 at 2026-05-03T08:21:00Z; this establishes ownership/responsibility for the transaction event and links account baseline risk to observed payment behavior.,,,,,,
E269,transactions/T078,devices/D008,usedDevice,,"device D008 was used to execute transaction T078; the device was previously associated with the account, which impacts account-takeover and anomalous-access scoring.",False,,,,,
E270,transactions/T078,ips/IP005,originatedFrom,,transaction T078 originated from IP 203.0.113.15; the edge contributes network provenance and carries IP threat context with score 0.29.,,0.29,,,,
E271,accounts/A011,transactions/T079,initiated,2026-05-03T08:50:00Z,account A011 initiated transaction T079 at 2026-05-03T08:50:00Z; this establishes ownership/responsibility for the transaction event and links account baseline risk to observed payment behavior.,,,,,,
E272,transactions/T079,devices/D004,usedDevice,,"device D004 was used to execute transaction T079; the device was previously associated with the account, which impacts account-takeover and anomalous-access scoring.",False,,,,,
E273,transactions/T079,ips/IP008,originatedFrom,,transaction T079 originated from IP 203.0.113.18; the edge contributes network provenance and carries IP threat context with score 0.35.,,0.35,,,,
E274,accounts/A023,transactions/T080,initiated,2026-05-03T09:40:00Z,account A023 initiated transaction T080 at 2026-05-03T09:40:00Z; this establishes ownership/responsibility for the transaction event and links account baseline risk to observed payment behavior.,,,,,,
E275,transactions/T080,devices/D007,usedDevice,,"device D007 was used to execute transaction T080; the device was new for the account, which impacts account-takeover and anomalous-access scoring.",True,,,,,
E276,transactions/T080,ips/IP013,originatedFrom,,transaction T080 originated from IP 203.0.113.23; the edge contributes network provenance and carries IP threat context with score 0.37.,,0.37,,,,
E277,accounts/A019,transactions/T081,initiated,2026-05-03T10:11:00Z,account A019 initiated transaction T081 at 2026-05-03T10:11:00Z; this establishes ownership/responsibility for the transaction event and links account baseline risk to observed payment behavior.,,,,,,
E278,transactions/T081,devices/D006,usedDevice,,"device D006 was used to execute transaction T081; the device was new for the account, which impacts account-takeover and anomalous-access scoring.",True,,,,,
E279,transactions/T081,ips/IP003,originatedFrom,,transaction T081 originated from IP 203.0.113.13; the edge contributes network provenance and carries IP threat context with score 0.9.,,0.9,,,,
E280,accounts/A005,transactions/T082,initiated,2026-05-03T10:42:00Z,account A005 initiated transaction T082 at 2026-05-03T10:42:00Z; this establishes ownership/responsibility for the transaction event and links account baseline risk to observed payment behavior.,,,,,,
E281,transactions/T082,devices/D007,usedDevice,,"device D007 was used to execute transaction T082; the device was previously associated with the account, which impacts account-takeover and anomalous-access scoring.",False,,,,,
E282,transactions/T082,ips/IP005,originatedFrom,,transaction T082 originated from IP 203.0.113.15; the edge contributes network provenance and carries IP threat context with score 0.29.,,0.29,,,,
E283,accounts/A028,transactions/T083,initiated,2026-05-03T11:21:00Z,account A028 initiated transaction T083 at 2026-05-03T11:21:00Z; this establishes ownership/responsibility for the transaction event and links account baseline risk to observed payment behavior.,,,,,,
E284,transactions/T083,devices/D006,usedDevice,,"device D006 was used to execute transaction T083; the device was previously associated with the account, which impacts account-takeover and anomalous-access scoring.",False,,,,,
E285,transactions/T083,ips/IP018,originatedFrom,,transaction T083 originated from IP 203.0.113.28; the edge contributes network provenance and carries IP threat context with score 0.05.,,0.05,,,,
E286,accounts/A008,transactions/T084,initiated,2026-05-03T12:01:00Z,account A008 initiated transaction T084 at 2026-05-03T12:01:00Z; this establishes ownership/responsibility for the transaction event and links account baseline risk to observed payment behavior.,,,,,,
E287,transactions/T084,devices/D005,usedDevice,,"device D005 was used to execute transaction T084; the device was previously associated with the account, which impacts account-takeover and anomalous-access scoring.",False,,,,,
E288,transactions/T084,ips/IP008,originatedFrom,,transaction T084 originated from IP 203.0.113.18; the edge contributes network provenance and carries IP threat context with score 0.35.,,0.35,,,,
E289,accounts/A023,transactions/T085,initiated,2026-05-03T12:26:00Z,account A023 initiated transaction T085 at 2026-05-03T12:26:00Z; this establishes ownership/responsibility for the transaction event and links account baseline risk to observed payment behavior.,,,,,,
E290,transactions/T085,devices/D005,usedDevice,,"device D005 was used to execute transaction T085; the device was previously associated with the account, which impacts account-takeover and anomalous-access scoring.",False,,,,,
E291,transactions/T085,ips/IP001,originatedFrom,,transaction T085 originated from IP 203.0.113.11; the edge contributes network provenance and carries IP threat context with score 0.52.,,0.52,,,,
E292,accounts/A008,transactions/T086,initiated,2026-05-03T13:07:00Z,account A008 initiated transaction T086 at 2026-05-03T13:07:00Z; this establishes ownership/responsibility for the transaction event and links account baseline risk to observed payment behavior.,,,,,,
E293,transactions/T086,devices/D009,usedDevice,,"device D009 was used to execute transaction T086; the device was previously associated with the account, which impacts account-takeover and anomalous-access scoring.",False,,,,,
E294,transactions/T086,ips/IP014,originatedFrom,,transaction T086 originated from IP 203.0.113.24; the edge contributes network provenance and carries IP threat context with score 0.48.,,0.48,,,,
E295,accounts/A013,transactions/T087,initiated,2026-05-03T13:43:00Z,account A013 initiated transaction T087 at 2026-05-03T13:43:00Z; this establishes ownership/responsibility for the transaction event and links account baseline risk to observed payment behavior.,,,,,,
E296,transactions/T087,devices/D010,usedDevice,,"device D010 was used to execute transaction T087; the device was previously associated with the account, which impacts account-takeover and anomalous-access scoring.",False,,,,,
E297,transactions/T087,ips/IP016,originatedFrom,,transaction T087 originated from IP 203.0.113.26; the edge contributes network provenance and carries IP threat context with score 0.3.,,0.3,,,,
E298,accounts/A029,transactions/T088,initiated,2026-05-03T14:33:00Z,account A029 initiated transaction T088 at 2026-05-03T14:33:00Z; this establishes ownership/responsibility for the transaction event and links account baseline risk to observed payment behavior.,,,,,,
E299,transactions/T088,devices/D001,usedDevice,,"device D001 was used to execute transaction T088; the device was previously associated with the account, which impacts account-takeover and anomalous-access scoring.",False,,,,,
E300,transactions/T088,ips/IP015,originatedFrom,,transaction T088 originated from IP 203.0.113.25; the edge contributes network provenance and carries IP threat context with score 0.4.,,0.4,,,,
E301,accounts/A019,transactions/T089,initiated,2026-05-03T15:07:00Z,account A019 initiated transaction T089 at 2026-05-03T15:07:00Z; this establishes ownership/responsibility for the transaction event and links account baseline risk to observed payment behavior.,,,,,,
E302,transactions/T089,devices/D005,usedDevice,,"device D005 was used to execute transaction T089; the device was previously associated with the account, which impacts account-takeover and anomalous-access scoring.",False,,,,,
E303,transactions/T089,ips/IP014,originatedFrom,,transaction T089 originated from IP 203.0.113.24; the edge contributes network provenance and carries IP threat context with score 0.48.,,0.48,,,,
E304,accounts/A004,transactions/T090,initiated,2026-05-03T15:48:00Z,account A004 initiated transaction T090 at 2026-05-03T15:48:00Z; this establishes ownership/responsibility for the transaction event and links account baseline risk to observed payment behavior.,,,,,,
E305,transactions/T090,devices/D004,usedDevice,,"device D004 was used to execute transaction T090; the device was new for the account, which impacts account-takeover and anomalous-access scoring.",True,,,,,
E306,transactions/T090,ips/IP017,originatedFrom,,transaction T090 originated from IP 203.0.113.27; the edge contributes network provenance and carries IP threat context with score 0.71.,,0.71,,,,
E307,accounts/A027,transactions/T091,initiated,2026-05-03T16:08:00Z,account A027 initiated transaction T091 at 2026-05-03T16:08:00Z; this establishes ownership/responsibility for the transaction event and links account baseline risk to observed payment behavior.,,,,,,
E308,transactions/T091,devices/D007,usedDevice,,"device D007 was used to execute transaction T091; the device was previously associated with the account, which impacts account-takeover and anomalous-access scoring.",False,,,,,
E309,transactions/T091,ips/IP009,originatedFrom,,transaction T091 originated from IP 203.0.113.19; the edge contributes network provenance and carries IP threat context with score 0.47.,,0.47,,,,
E310,accounts/A029,transactions/T092,initiated,2026-05-03T16:55:00Z,account A029 initiated transaction T092 at 2026-05-03T16:55:00Z; this establishes ownership/responsibility for the transaction event and links account baseline risk to observed payment behavior.,,,,,,
E311,transactions/T092,devices/D005,usedDevice,,"device D005 was used to execute transaction T092; the device was previously associated with the account, which impacts account-takeover and anomalous-access scoring.",False,,,,,
E312,transactions/T092,ips/IP008,originatedFrom,,transaction T092 originated from IP 203.0.113.18; the edge contributes network provenance and carries IP threat context with score 0.35.,,0.35,,,,
E313,accounts/A022,transactions/T093,initiated,2026-05-03T17:41:00Z,account A022 initiated transaction T093 at 2026-05-03T17:41:00Z; this establishes ownership/responsibility for the transaction event and links account baseline risk to observed payment behavior.,,,,,,
E314,transactions/T093,devices/D003,usedDevice,,"device D003 was used to execute transaction T093; the device was new for the account, which impacts account-takeover and anomalous-access scoring.",True,,,,,
E315,transactions/T093,ips/IP004,originatedFrom,,transaction T093 originated from IP 203.0.113.14; the edge contributes network provenance and carries IP threat context with score 0.23.,,0.23,,,,
E316,accounts/A012,transactions/T094,initiated,2026-05-03T18:08:00Z,account A012 initiated transaction T094 at 2026-05-03T18:08:00Z; this establishes ownership/responsibility for the transaction event and links account baseline risk to observed payment behavior.,,,,,,
E317,transactions/T094,devices/D003,usedDevice,,"device D003 was used to execute transaction T094; the device was new for the account, which impacts account-takeover and anomalous-access scoring.",True,,,,,
E318,transactions/T094,ips/IP003,originatedFrom,,transaction T094 originated from IP 203.0.113.13; the edge contributes network provenance and carries IP threat context with score 0.9.,,0.9,,,,
E319,accounts/A018,transactions/T095,initiated,2026-05-03T18:43:00Z,account A018 initiated transaction T095 at 2026-05-03T18:43:00Z; this establishes ownership/responsibility for the transaction event and links account baseline risk to observed payment behavior.,,,,,,
E320,transactions/T095,devices/D006,usedDevice,,"device D006 was used to execute transaction T095; the device was previously associated with the account, which impacts account-takeover and anomalous-access scoring.",False,,,,,
E321,transactions/T095,ips/IP009,originatedFrom,,transaction T095 originated from IP 203.0.113.19; the edge contributes network provenance and carries IP threat context with score 0.47.,,0.47,,,,
E322,accounts/A011,transactions/T096,initiated,2026-05-03T19:16:00Z,account A011 initiated transaction T096 at 2026-05-03T19:16:00Z; this establishes ownership/responsibility for the transaction event and links account baseline risk to observed payment behavior.,,,,,,
E323,transactions/T096,devices/D002,usedDevice,,"device D002 was used to execute transaction T096; the device was previously associated with the account, which impacts account-takeover and anomalous-access scoring.",False,,,,,
E324,transactions/T096,ips/IP015,originatedFrom,,transaction T096 originated from IP 203.0.113.25; the edge contributes network provenance and carries IP threat context with score 0.4.,,0.4,,,,
E325,accounts/A026,transactions/T097,initiated,2026-05-03T20:01:00Z,account A026 initiated transaction T097 at 2026-05-03T20:01:00Z; this establishes ownership/responsibility for the transaction event and links account baseline risk to observed payment behavior.,,,,,,
E326,transactions/T097,devices/D009,usedDevice,,"device D009 was used to execute transaction T097; the device was previously associated with the account, which impacts account-takeover and anomalous-access scoring.",False,,,,,
E327,transactions/T097,ips/IP012,originatedFrom,,transaction T097 originated from IP 203.0.113.22; the edge contributes network provenance and carries IP threat context with score 0.43.,,0.43,,,,
E328,accounts/A022,transactions/T098,initiated,2026-05-03T20:46:00Z,account A022 initiated transaction T098 at 2026-05-03T20:46:00Z; this establishes ownership/responsibility for the transaction event and links account baseline risk to observed payment behavior.,,,,,,
E329,transactions/T098,devices/D005,usedDevice,,"device D005 was used to execute transaction T098; the device was previously associated with the account, which impacts account-takeover and anomalous-access scoring.",False,,,,,
E330,transactions/T098,ips/IP019,originatedFrom,,transaction T098 originated from IP 203.0.113.29; the edge contributes network provenance and carries IP threat context with score 0.55.,,0.55,,,,
E331,accounts/A028,transactions/T099,initiated,2026-05-03T21:10:00Z,account A028 initiated transaction T099 at 2026-05-03T21:10:00Z; this establishes ownership/responsibility for the transaction event and links account baseline risk to observed payment behavior.,,,,,,
E332,transactions/T099,devices/D009,usedDevice,,"device D009 was used to execute transaction T099; the device was new for the account, which impacts account-takeover and anomalous-access scoring.",True,,,,,
E333,transactions/T099,ips/IP011,originatedFrom,,transaction T099 originated from IP 203.0.113.21; the edge contributes network provenance and carries IP threat context with score 0.69.,,0.69,,,,
E334,transactions/T099,attack_patterns/mule-ring,matchesPattern,,"transaction T099 matches attack pattern mule-ring with confidence 0.86; this converts low-level transaction, device, and IP evidence into a higher-level fraud/cyber pattern assertion.",,,0.86,,,
E335,transactions/T099,fraud_signals/S019,triggeredSignal,,"transaction T099 triggered fraud signal S019 with risk score 0.99; this materializes the detection result as an explainable signal for review, escalation, or Gold-layer analytics.",,,,0.99,,
E336,accounts/A004,transactions/T100,initiated,2026-05-03T21:49:00Z,account A004 initiated transaction T100 at 2026-05-03T21:49:00Z; this establishes ownership/responsibility for the transaction event and links account baseline risk to observed payment behavior.,,,,,,
E337,transactions/T100,devices/D003,usedDevice,,"device D003 was used to execute transaction T100; the device was previously associated with the account, which impacts account-takeover and anomalous-access scoring.",False,,,,,
E338,transactions/T100,ips/IP002,originatedFrom,,transaction T100 originated from IP 203.0.113.12; the edge contributes network provenance and carries IP threat context with score 0.34.,,0.34,,,,
E339,accounts/A022,devices/D009,hasUsedDevice,,account A022 has historical usage of device D009 since 2026-03-18T08:00:00Z; this account-device history is used to distinguish normal access from new-device anomalies.,,,,,2026-03-18T08:00:00Z,
E340,accounts/A024,devices/D009,hasUsedDevice,,account A024 has historical usage of device D009 since 2026-03-18T08:00:00Z; this account-device history is used to distinguish normal access from new-device anomalies.,,,,,2026-03-18T08:00:00Z,
E341,accounts/A023,devices/D009,hasUsedDevice,,account A023 has historical usage of device D009 since 2026-03-18T08:00:00Z; this account-device history is used to distinguish normal access from new-device anomalies.,,,,,2026-03-18T08:00:00Z,
E342,accounts/A018,devices/D009,hasUsedDevice,,account A018 has historical usage of device D009 since 2026-03-18T08:00:00Z; this account-device history is used to distinguish normal access from new-device anomalies.,,,,,2026-03-18T08:00:00Z,
E343,accounts/A014,devices/D009,hasUsedDevice,,account A014 has historical usage of device D009 since 2026-03-18T08:00:00Z; this account-device history is used to distinguish normal access from new-device anomalies.,,,,,2026-03-18T08:00:00Z,
E344,accounts/A029,devices/D003,hasUsedDevice,,account A029 has historical usage of device D003 since 2025-08-14T08:00:00Z; this account-device history is used to distinguish normal access from new-device anomalies.,,,,,2025-08-14T08:00:00Z,
E345,accounts/A014,devices/D003,hasUsedDevice,,account A014 has historical usage of device D003 since 2025-08-14T08:00:00Z; this account-device history is used to distinguish normal access from new-device anomalies.,,,,,2025-08-14T08:00:00Z,
E346,accounts/A021,devices/D003,hasUsedDevice,,account A021 has historical usage of device D003 since 2025-08-14T08:00:00Z; this account-device history is used to distinguish normal access from new-device anomalies.,,,,,2025-08-14T08:00:00Z,
E347,accounts/A004,devices/D003,hasUsedDevice,,account A004 has historical usage of device D003 since 2025-08-14T08:00:00Z; this account-device history is used to distinguish normal access from new-device anomalies.,,,,,2025-08-14T08:00:00Z,
E348,accounts/A020,devices/D007,hasUsedDevice,,account A020 has historical usage of device D007 since 2025-10-27T08:00:00Z; this account-device history is used to distinguish normal access from new-device anomalies.,,,,,2025-10-27T08:00:00Z,
E349,accounts/A014,devices/D007,hasUsedDevice,,account A014 has historical usage of device D007 since 2025-10-27T08:00:00Z; this account-device history is used to distinguish normal access from new-device anomalies.,,,,,2025-10-27T08:00:00Z,
E350,accounts/A009,devices/D007,hasUsedDevice,,account A009 has historical usage of device D007 since 2025-10-27T08:00:00Z; this account-device history is used to distinguish normal access from new-device anomalies.,,,,,2025-10-27T08:00:00Z,
E351,accounts/A002,devices/D007,hasUsedDevice,,account A002 has historical usage of device D007 since 2025-10-27T08:00:00Z; this account-device history is used to distinguish normal access from new-device anomalies.,,,,,2025-10-27T08:00:00Z,
E352,accounts/A023,devices/D007,hasUsedDevice,,account A023 has historical usage of device D007 since 2025-10-27T08:00:00Z; this account-device history is used to distinguish normal access from new-device anomalies.,,,,,2025-10-27T08:00:00Z,
E353,accounts/A012,devices/D007,hasUsedDevice,,account A012 has historical usage of device D007 since 2025-10-27T08:00:00Z; this account-device history is used to distinguish normal access from new-device anomalies.,,,,,2025-10-27T08:00:00Z,
E354,accounts/A015,devices/D004,hasUsedDevice,,account A015 has historical usage of device D004 since 2025-10-21T08:00:00Z; this account-device history is used to distinguish normal access from new-device anomalies.,,,,,2025-10-21T08:00:00Z,
E355,accounts/A008,devices/D004,hasUsedDevice,,account A008 has historical usage of device D004 since 2025-10-21T08:00:00Z; this account-device history is used to distinguish normal access from new-device anomalies.,,,,,2025-10-21T08:00:00Z,
E356,accounts/A028,devices/D004,hasUsedDevice,,account A028 has historical usage of device D004 since 2025-10-21T08:00:00Z; this account-device history is used to distinguish normal access from new-device anomalies.,,,,,2025-10-21T08:00:00Z,
E357,accounts/A012,devices/D004,hasUsedDevice,,account A012 has historical usage of device D004 since 2025-10-21T08:00:00Z; this account-device history is used to distinguish normal access from new-device anomalies.,,,,,2025-10-21T08:00:00Z,
E358,accounts/A022,ips/IP003,hasUsedIP,,"account A022 has historical usage of IP 203.0.113.13, last seen on 2026-05-02T08:00:00Z; this account-IP history supports velocity, reuse, and suspicious-origin checks.",,,,,,2026-05-02T08:00:00Z
E359,accounts/A012,ips/IP003,hasUsedIP,,"account A012 has historical usage of IP 203.0.113.13, last seen on 2026-05-02T08:00:00Z; this account-IP history supports velocity, reuse, and suspicious-origin checks.",,,,,,2026-05-02T08:00:00Z
E360,accounts/A018,ips/IP003,hasUsedIP,,"account A018 has historical usage of IP 203.0.113.13, last seen on 2026-05-02T08:00:00Z; this account-IP history supports velocity, reuse, and suspicious-origin checks.",,,,,,2026-05-02T08:00:00Z
E361,accounts/A029,ips/IP003,hasUsedIP,,"account A029 has historical usage of IP 203.0.113.13, last seen on 2026-05-02T08:00:00Z; this account-IP history supports velocity, reuse, and suspicious-origin checks.",,,,,,2026-05-02T08:00:00Z
E362,accounts/A002,ips/IP007,hasUsedIP,,"account A002 has historical usage of IP 203.0.113.17, last seen on 2026-05-02T08:00:00Z; this account-IP history supports velocity, reuse, and suspicious-origin checks.",,,,,,2026-05-02T08:00:00Z
E363,accounts/A013,ips/IP007,hasUsedIP,,"account A013 has historical usage of IP 203.0.113.17, last seen on 2026-05-02T08:00:00Z; this account-IP history supports velocity, reuse, and suspicious-origin checks.",,,,,,2026-05-02T08:00:00Z
E364,accounts/A009,ips/IP007,hasUsedIP,,"account A009 has historical usage of IP 203.0.113.17, last seen on 2026-05-02T08:00:00Z; this account-IP history supports velocity, reuse, and suspicious-origin checks.",,,,,,2026-05-02T08:00:00Z
E365,accounts/A007,ips/IP007,hasUsedIP,,"account A007 has historical usage of IP 203.0.113.17, last seen on 2026-05-02T08:00:00Z; this account-IP history supports velocity, reuse, and suspicious-origin checks.",,,,,,2026-05-02T08:00:00Z
E366,accounts/A004,ips/IP007,hasUsedIP,,"account A004 has historical usage of IP 203.0.113.17, last seen on 2026-05-02T08:00:00Z; this account-IP history supports velocity, reuse, and suspicious-origin checks.",,,,,,2026-05-02T08:00:00Z
E367,accounts/A015,ips/IP007,hasUsedIP,,"account A015 has historical usage of IP 203.0.113.17, last seen on 2026-05-02T08:00:00Z; this account-IP history supports velocity, reuse, and suspicious-origin checks.",,,,,,2026-05-02T08:00:00Z
E368,accounts/A022,ips/IP011,hasUsedIP,,"account A022 has historical usage of IP 203.0.113.21, last seen on 2026-05-02T08:00:00Z; this account-IP history supports velocity, reuse, and suspicious-origin checks.",,,,,,2026-05-02T08:00:00Z
E369,accounts/A007,ips/IP011,hasUsedIP,,"account A007 has historical usage of IP 203.0.113.21, last seen on 2026-05-02T08:00:00Z; this account-IP history supports velocity, reuse, and suspicious-origin checks.",,,,,,2026-05-02T08:00:00Z
E370,accounts/A021,ips/IP011,hasUsedIP,,"account A021 has historical usage of IP 203.0.113.21, last seen on 2026-05-02T08:00:00Z; this account-IP history supports velocity, reuse, and suspicious-origin checks.",,,,,,2026-05-02T08:00:00Z
E371,accounts/A020,ips/IP011,hasUsedIP,,"account A020 has historical usage of IP 203.0.113.21, last seen on 2026-05-02T08:00:00Z; this account-IP history supports velocity, reuse, and suspicious-origin checks.",,,,,,2026-05-02T08:00:00Z
